title,type,genre,mood_tags,description,emotional_tone,after_watch_suggests,combined
Attack on Titan,anime,"action, dark, fantasy","intense, heavy, emotional, epic, devastating",Humanity survives behind walls protecting them from titans. A boy vows revenge after witnessing tragedy.,"dark, hopeful, devastating, epic",something equally heavy or completely opposite to recover,"intense, heavy, emotional, epic, devastating dark, hopeful, devastating, epic something equally heavy or completely opposite to recover Humanity survives behind walls protecting them from titans. A boy vows revenge after witnessing tragedy."
Apothecary Diaries,anime,"historical, mystery, light","lighthearted, fun, historical, curious, warm",A pharmacist's daughter works in the imperial court solving medical mysteries with wit and curiosity.,"warm, curious, lighthearted, satisfying","chinese history, concubines, lighthearted, strong female leads","lighthearted, fun, historical, curious, warm warm, curious, lighthearted, satisfying chinese history, concubines, lighthearted, strong female leads A pharmacist's daughter works in the imperial court solving medical mysteries with wit and curiosity."
Frieren,anime,"fantasy, emotional, adventure","emotional, sad, funny, wholesome, bittersweet",An immortal elven mage journeys to the ends of the world after her companions are long gone.,"melancholic, wholesome, bittersweet, peaceful","strong female characters, fun, lighthearted","emotional, sad, funny, wholesome, bittersweet melancholic, wholesome, bittersweet, peaceful strong female characters, fun, lighthearted An immortal elven mage journeys to the ends of the world after her companions are long gone."
Saiki K,anime,"comedy, slice of life","lighthearted, funny, feel-good, hilarious, relaxing",A psychic high schooler tries to live a normal life while hiding his overwhelming powers.,"joyful, light, funny, refreshing","equally funny, feel-good, lighthearted comedy","lighthearted, funny, feel-good, hilarious, relaxing joyful, light, funny, refreshing equally funny, feel-good, lighthearted comedy A psychic high schooler tries to live a normal life while hiding his overwhelming powers."
The Summer Hikaru Died,anime,"horror, queer, emotional","sad, eerie, queer, bittersweet, haunting",A boy's best friend returns from the dead but something feels deeply wrong about him.,"haunting, sad, tender, eerie","queer content, horror, short anime like Another","sad, eerie, queer, bittersweet, haunting haunting, sad, tender, eerie queer content, horror, short anime like Another A boy's best friend returns from the dead but something feels deeply wrong about him."
Sakamoto Days,anime,"action, comedy","funny, action, lighthearted, double life, cool",A retired assassin tries to live a normal life running a convenience store but trouble follows.,"fun, cool, lighthearted, exciting","double life characters, assassination, action comedy","funny, action, lighthearted, double life, cool fun, cool, lighthearted, exciting double life characters, assassination, action comedy A retired assassin tries to live a normal life running a convenience store but trouble follows."
FROM,web series,"horror, mystery, survival","horror, mysterious, unsettling, gripping, survival",A group of people find themselves trapped in a town with no escape and mysterious monsters.,"tense, unsettling, mysterious, gripping","long mystery horror, multiple seasons, dark","horror, mysterious, unsettling, gripping, survival tense, unsettling, mysterious, gripping long mystery horror, multiple seasons, dark A group of people find themselves trapped in a town with no escape and mysterious monsters."
Dark,web series,"psychological, thriller, sci-fi","mind-bending, dark, unsettling, intellectual, complex",Three generations of two families are haunted by a time travel conspiracy in a German town.,"dark, complex, mind-bending, heavy","psychological thriller, time travel, complex","mind-bending, dark, unsettling, intellectual, complex dark, complex, mind-bending, heavy psychological thriller, time travel, complex Three generations of two families are haunted by a time travel conspiracy in a German town."
Adolescence,web series,short drama,"short, dramatic, emotional, intense",A short intense drama exploring raw human emotion and relationships.,"intense, emotional, dramatic","short intense drama, emotional film","short, dramatic, emotional, intense intense, emotional, dramatic short intense drama, emotional film A short intense drama exploring raw human emotion and relationships."
Welcome to Derry,web series,horror,"horror, creepy, nostalgic, scary",Children face an ancient evil that returns every 27 years to their town.,"scary, nostalgic, creepy, tense","horror sequels, creepy atmospheric series","horror, creepy, nostalgic, scary scary, nostalgic, creepy, tense horror sequels, creepy atmospheric series Children face an ancient evil that returns every 27 years to their town."
Euphoria,web series,"teen drama, intense","intense, raw, real, emotional, teen, heavy","Teenagers navigate trauma, identity, love, and addiction in an unfiltered raw world.","raw, heavy, real, emotional, intense","raw teen drama, intense emotional series","intense, raw, real, emotional, teen, heavy raw, heavy, real, emotional, intense raw teen drama, intense emotional series Teenagers navigate trauma, identity, love, and addiction in an unfiltered raw world."
Your Lie in April,anime,"music, romance, drama","emotional, sad, beautiful, bittersweet, moving",A piano prodigy who lost his ability to hear music meets a violinist who changes his world.,"melancholic, beautiful, bittersweet","something healing, beautiful, or equally emotional","emotional, sad, beautiful, bittersweet, moving melancholic, beautiful, bittersweet something healing, beautiful, or equally emotional A piano prodigy who lost his ability to hear music meets a violinist who changes his world."
Death Note,anime,"thriller, psychological","thrilling, dark, intellectual, gripping",A student finds a supernatural notebook that kills anyone whose name is written in it.,"tense, dark, intellectual","psychological thriller, moral dilemma, dark","thrilling, dark, intellectual, gripping tense, dark, intellectual psychological thriller, moral dilemma, dark A student finds a supernatural notebook that kills anyone whose name is written in it."
Haikyuu,anime,"sports, motivational","motivating, energetic, uplifting, fun",A high school volleyball team works together to reach nationals despite their differences.,"uplifting, energetic, warm","sports anime, team spirit, motivational","motivating, energetic, uplifting, fun uplifting, energetic, warm sports anime, team spirit, motivational A high school volleyball team works together to reach nationals despite their differences."
Fullmetal Alchemist Brotherhood,anime,"action, adventure, drama","epic, emotional, deep, adventurous, fulfilling",Two brothers seek the philosophers stone to restore their bodies after a failed alchemy experiment.,"hopeful, emotional, fulfilling","epic adventure, emotional depth, fulfilling endings","epic, emotional, deep, adventurous, fulfilling hopeful, emotional, fulfilling epic adventure, emotional depth, fulfilling endings Two brothers seek the philosophers stone to restore their bodies after a failed alchemy experiment."
Another,anime,"horror, mystery, gore","creepy, gory, mysterious, unsettling, dark",A transfer student discovers his new class is cursed and students keep dying mysteriously.,"creepy, dark, gory, unsettling","gore, horror, dark mystery, creepy themes","creepy, gory, mysterious, unsettling, dark creepy, dark, gory, unsettling gore, horror, dark mystery, creepy themes A transfer student discovers his new class is cursed and students keep dying mysteriously."
The Silent Patient,book,"psychological, thriller, mystery","gripping, plot twist, psychological, tense",A celebrity therapist goes missing and her patient becomes the prime suspect in a gripping thriller.,"tense, shocking, psychological","psychological thriller, plot twist, gripping mystery","gripping, plot twist, psychological, tense tense, shocking, psychological psychological thriller, plot twist, gripping mystery A celebrity therapist goes missing and her patient becomes the prime suspect in a gripping thriller."
Verity,book,"thriller, dark, mystery","confusing, open-ended, dark, twisty, unsettling",A true crime writer uncovers terrifying secrets about the wife of a bestselling author.,"dark, confusing, open-ended, unsettling","open ended mystery, dark thriller, confusing but good","confusing, open-ended, dark, twisty, unsettling dark, confusing, open-ended, unsettling open ended mystery, dark thriller, confusing but good A true crime writer uncovers terrifying secrets about the wife of a bestselling author."
The Song of Achilles,book,"queer, historical, romance, tragedy","beautiful, sad, queer, emotional, devastating","The story of Achilles and Patroclus told through love, war, and tragedy in ancient Greece.","beautiful, devastating, queer, emotional","queer romance, beautiful writing, emotional tragedy","beautiful, sad, queer, emotional, devastating beautiful, devastating, queer, emotional queer romance, beautiful writing, emotional tragedy The story of Achilles and Patroclus told through love, war, and tragedy in ancient Greece."
Jujutsu Kaisen,anime,"action, dark, supernatural","action, fun, dark, entertaining, intense",Sorcerers battle cursed spirits in a dark supernatural world filled with powerful characters.,"exciting, dark, fun, entertaining","dark supernatural action, intense and entertaining","action, fun, dark, entertaining, intense exciting, dark, fun, entertaining dark supernatural action, intense and entertaining Sorcerers battle cursed spirits in a dark supernatural world filled with powerful characters."
The Housemaid,book,"thriller, dark, mystery","fun, plot twist, gripping, thrilling",A woman takes a job as a housemaid for a wealthy family and uncovers dark secrets.,"fun, shocking, thrilling, satisfying","plot twist thriller, dark mystery, gripping read","fun, plot twist, gripping, thrilling fun, shocking, thrilling, satisfying plot twist thriller, dark mystery, gripping read A woman takes a job as a housemaid for a wealthy family and uncovers dark secrets."
Assassination Classroom,anime,"comedy, action, emotional","fun, entertaining, emotional, good characters, lighthearted",A class of students must kill their octopus teacher who plans to destroy the world.,"warm, funny, emotional, entertaining","fun entertaining anime, good characters, lighthearted action","fun, entertaining, emotional, good characters, lighthearted warm, funny, emotional, entertaining fun entertaining anime, good characters, lighthearted action A class of students must kill their octopus teacher who plans to destroy the world."
Owari no Seraph,anime,"dark fantasy, supernatural, action","dark, engaging, good character design, intense",In a post-apocalyptic world vampires rule and a boy joins a vampire extermination squad.,"dark, intense, engaging, complex","dark fantasy, strong character design, engaging story","dark, engaging, good character design, intense dark, intense, engaging, complex dark fantasy, strong character design, engaging story In a post-apocalyptic world vampires rule and a boy joins a vampire extermination squad."
In Spectre,anime,"mystery, romance, supernatural","fun, entertaining, mystery, supernatural, light",A girl who can see supernatural beings teams up with a half-human half-yokai to solve mysteries.,"light, fun, mysterious, warm","light mystery, supernatural, fun and entertaining","fun, entertaining, mystery, supernatural, light light, fun, mysterious, warm light mystery, supernatural, fun and entertaining A girl who can see supernatural beings teams up with a half-human half-yokai to solve mysteries."
Black Butler,anime,"dark, mystery, supernatural","entertaining, dark, good character design, mysterious",An orphan becomes the servant of a demon butler who has sworn to avenge his family.,"dark, mysterious, entertaining, gothic","gothic dark anime, good aesthetics, mysterious","entertaining, dark, good character design, mysterious dark, mysterious, entertaining, gothic gothic dark anime, good aesthetics, mysterious An orphan becomes the servant of a demon butler who has sworn to avenge his family."
Horimiya,anime,"romance, slice of life, comedy","lighthearted, fun, rom-com, warm, feel-good",A popular girl and an introverted boy fall in love navigating high school life together.,"warm, light, romantic, feel-good","slice of life, lighthearted, warm romance","lighthearted, fun, rom-com, warm, feel-good warm, light, romantic, feel-good slice of life, lighthearted, warm romance A popular girl and an introverted boy fall in love navigating high school life together."
The Boy and the Heron,movie,"fantasy, mystery, adventure","mysterious, beautiful, emotional, dreamy","A boy travels to a fantastical world and confronts grief, identity, and what it means to live.","dreamy, mysterious, emotional, beautiful","mysterious emotional, Ghibli-like, beautiful storytelling","mysterious, beautiful, emotional, dreamy dreamy, mysterious, emotional, beautiful mysterious emotional, Ghibli-like, beautiful storytelling A boy travels to a fantastical world and confronts grief, identity, and what it means to live."
When Marnie Was There,movie,"emotional, mystery, drama","emotional, mysterious, quiet, beautiful, moving",A lonely girl discovers an old mansion and a mysterious girl named Marnie from the past.,"quiet, emotional, mysterious, moving","quiet emotional mystery, beautiful animation, moving story","emotional, mysterious, quiet, beautiful, moving quiet, emotional, mysterious, moving quiet emotional mystery, beautiful animation, moving story A lonely girl discovers an old mansion and a mysterious girl named Marnie from the past."
Up on the Poppy Hill,movie,"romance, historical, slice of life","cute, warm, emotional, nostalgic, bittersweet","A girl and boy navigate life, love, and family in post-war Japan with warmth and nostalgia.","warm, nostalgic, cute, bittersweet","nostalgic Ghibli films, warm slice of life, gentle romance","cute, warm, emotional, nostalgic, bittersweet warm, nostalgic, cute, bittersweet nostalgic Ghibli films, warm slice of life, gentle romance A girl and boy navigate life, love, and family in post-war Japan with warmth and nostalgia."
Perfect Blue,movie,"psychological, horror, thriller","traumatizing, dark, psychological, unsettling, intense",A pop idol is stalked and her sense of reality begins to shatter in a psychological nightmare.,"traumatizing, dark, unsettling, psychological","psychological horror, reality-bending thriller, dark anime","traumatizing, dark, psychological, unsettling, intense traumatizing, dark, unsettling, psychological psychological horror, reality-bending thriller, dark anime A pop idol is stalked and her sense of reality begins to shatter in a psychological nightmare."
Wonder Egg Priority,anime,"psychological, dark, magical","sad, emotional, dark, heavy, meaningful",Girls fight to bring back their dead friends through a dark magical world with heavy consequences.,"sad, heavy, dark, meaningful, emotional","emotional healing anime, something lighter and warmer","sad, emotional, dark, heavy, meaningful sad, heavy, dark, meaningful, emotional emotional healing anime, something lighter and warmer Girls fight to bring back their dead friends through a dark magical world with heavy consequences."
Charlotte,anime,"action, supernatural, emotional","fun, emotional, supernatural, bittersweet, wave of emotions",A boy gains supernatural powers after a meteor shower and must decide what to do with them.,"fun, bittersweet, emotional, supernatural","supernatural emotional anime, bittersweet endings","fun, emotional, supernatural, bittersweet, wave of emotions fun, bittersweet, emotional, supernatural supernatural emotional anime, bittersweet endings A boy gains supernatural powers after a meteor shower and must decide what to do with them."
Tomodachi Game,anime,"thriller, psychological, game","thrilling, psychological, twisty, gripping, tense",High school students play a deadly psychological game where trust means everything.,"tense, psychological, gripping, twisty","psychological thriller, trust and betrayal, mind games","thrilling, psychological, twisty, gripping, tense tense, psychological, gripping, twisty psychological thriller, trust and betrayal, mind games High school students play a deadly psychological game where trust means everything."
Death Parade,anime,"psychological, drama, supernatural","fun, emotional, philosophical, wave of emotions, deep",Strangers in an afterlife bar play games that determine their fate after death.,"philosophical, emotional, wave of emotions, fun","philosophical anime, life and death themes, emotional depth","fun, emotional, philosophical, wave of emotions, deep philosophical, emotional, wave of emotions, fun philosophical anime, life and death themes, emotional depth Strangers in an afterlife bar play games that determine their fate after death."
Paprika,movie,"psychological, surreal, sci-fi","confusing, surreal, beautiful, mind-bending, musical",A detective enters a dream machine and reality begins to blur in a surreal psychological journey.,"surreal, confusing, beautiful, mind-bending","mind-bending surreal anime, beautiful visuals, Satoshi Kon films","confusing, surreal, beautiful, mind-bending, musical surreal, confusing, beautiful, mind-bending mind-bending surreal anime, beautiful visuals, Satoshi Kon films A detective enters a dream machine and reality begins to blur in a surreal psychological journey."
Summertime Rendering,anime,"mystery, thriller, supernatural","gripping, mysterious, emotional, satisfying, engaging",A boy investigates mysterious disappearances on a small island and uncovers a dark conspiracy.,"gripping, mysterious, satisfying, emotional","mystery thriller, island setting, supernatural conspiracy","gripping, mysterious, emotional, satisfying, engaging gripping, mysterious, satisfying, emotional mystery thriller, island setting, supernatural conspiracy A boy investigates mysterious disappearances on a small island and uncovers a dark conspiracy."
Orb on Movement of Earth,anime,"historical, sci-fi, drama","confusing, deep, historical, emotional, complex",Over 100 years a group of people map the movement of the earth in feudal Japan.,"complex, confusing, deep, emotional","historical drama, complex storytelling, slow burn","confusing, deep, historical, emotional, complex complex, confusing, deep, emotional historical drama, complex storytelling, slow burn Over 100 years a group of people map the movement of the earth in feudal Japan."
Takopi,anime,"dark, tragedy, emotional","sad, dark, emotional, heavy, tragic",A dark story about a child navigating abuse and tragedy with heavy emotional weight.,"tragic, sad, dark, heavy","emotional healing content, something warm and gentle after","sad, dark, emotional, heavy, tragic tragic, sad, dark, heavy emotional healing content, something warm and gentle after A dark story about a child navigating abuse and tragedy with heavy emotional weight."
Josee and the Tiger,movie,"romance, drama, disability","cute, warm, emotional, heartwarming, beautiful",A girl with a disability dreams of swimming and finds love and courage through connection.,"warm, cute, heartwarming, emotional","warm romance, emotional drama, beautiful animation","cute, warm, emotional, heartwarming, beautiful warm, cute, heartwarming, emotional warm romance, emotional drama, beautiful animation A girl with a disability dreams of swimming and finds love and courage through connection."
Gachiakuta,anime,"action, dark, fantasy","dark, gritty, intense, action, engaging",An outcast boy enters a brutal underground world fighting for survival and identity.,"dark, gritty, intense, action","dark action, gritty underground, survival and identity","dark, gritty, intense, action, engaging dark, gritty, intense, action dark action, gritty underground, survival and identity An outcast boy enters a brutal underground world fighting for survival and identity."
Classroom of the Elite,anime,"psychological, drama, competition","intense, psychological, competitive, entertaining, gripping",Students at an elite school compete in a psychological battle for status and resources.,"intense, psychological, entertaining, competitive","psychological competition, mind games, elite school drama","intense, psychological, competitive, entertaining, gripping intense, psychological, entertaining, competitive psychological competition, mind games, elite school drama Students at an elite school compete in a psychological battle for status and resources."
Bungo Stray Dogs,anime,"action, supernatural, mystery","fun, action, mystery, good characters, engaging",Gifted individuals with supernatural powers work as detectives and fight rival organizations.,"fun, engaging, mysterious, action","supernatural action, mystery, strong character dynamics","fun, action, mystery, good characters, engaging fun, engaging, mysterious, action supernatural action, mystery, strong character dynamics Gifted individuals with supernatural powers work as detectives and fight rival organizations."
Solo Leveling,anime,"action, fantasy","action, entertaining, fantasy, power, easy watch",A young man awakens as the world's strongest hunter in a world of monsters and dungeons.,"entertaining, action, fantasy, easy","power fantasy, dungeon action, easy entertaining watch","action, entertaining, fantasy, power, easy watch entertaining, action, fantasy, easy power fantasy, dungeon action, easy entertaining watch A young man awakens as the world's strongest hunter in a world of monsters and dungeons."
Uzumaki,anime,"horror, psychological, body","horrifying, psychological, dark, unsettling, body horror",A town is consumed by a spiral curse leading to grotesque and terrifying body horror.,"horrifying, psychological, dark, unsettling","body horror, Junji Ito works, psychological terror","horrifying, psychological, dark, unsettling, body horror horrifying, psychological, dark, unsettling body horror, Junji Ito works, psychological terror A town is consumed by a spiral curse leading to grotesque and terrifying body horror."
Junji Ito Collection,anime,"horror, anthology","scary, creepy, dark, anthology, chilling",An anthology of Junji Ito's most terrifying horror stories brought to life in animation.,"scary, creepy, dark, chilling","psychological horror, dark anthology, body horror","scary, creepy, dark, anthology, chilling scary, creepy, dark, chilling psychological horror, dark anthology, body horror An anthology of Junji Ito's most terrifying horror stories brought to life in animation."
Tokyo Ghoul,anime,"action, dark, supernatural","dark, intense, emotional, identity, action",A boy becomes a half-ghoul after a chance encounter and struggles between two worlds.,"dark, emotional, intense, conflicted","dark supernatural, identity crisis, action heavy","dark, intense, emotional, identity, action dark, emotional, intense, conflicted dark supernatural, identity crisis, action heavy A boy becomes a half-ghoul after a chance encounter and struggles between two worlds."
Demon Slayer,anime,"action, adventure, emotional","emotional, beautiful, intense, action, stunning",A boy and his sister fight demons using breath techniques in feudal Japan with stunning animation.,"emotional, beautiful, stunning, intense","beautiful animation, emotional action, stunning visuals","emotional, beautiful, intense, action, stunning emotional, beautiful, stunning, intense beautiful animation, emotional action, stunning visuals A boy and his sister fight demons using breath techniques in feudal Japan with stunning animation."
Kakegurui,anime,"psychological, thriller, gambling","psychological, intense, gambling, dark, thrilling",Students gamble with their lives and sanity in a school ruled entirely by risk and reward.,"dark, intense, psychological, thrilling","gambling thriller, psychological intensity, dark competition","psychological, intense, gambling, dark, thrilling dark, intense, psychological, thrilling gambling thriller, psychological intensity, dark competition Students gamble with their lives and sanity in a school ruled entirely by risk and reward."
Hell's Paradise,anime,"action, dark, supernatural","dark, intense, emotional, stunning, action",A samurai and a criminal navigate a brutal paradise island filled with demons and death.,"stunning, dark, intense, emotional","dark action, stunning animation, supernatural survival","dark, intense, emotional, stunning, action stunning, dark, intense, emotional dark action, stunning animation, supernatural survival A samurai and a criminal navigate a brutal paradise island filled with demons and death."
Tokyo Revengers,anime,"action, drama, time travel","emotional, action, time travel, gripping, dramatic",A boy travels back in time repeatedly trying to save his friends from a deadly gang.,"emotional, gripping, dramatic, intense","time travel drama, emotional action, gripping story","emotional, action, time travel, gripping, dramatic emotional, gripping, dramatic, intense time travel drama, emotional action, gripping story A boy travels back in time repeatedly trying to save his friends from a deadly gang."
Noragami,anime,"action, supernatural, comedy","fun, entertaining, cute, lighthearted, supernatural",A minor deity without a shrine takes on odd jobs for five yen while trying to make a name for himself alongside a human girl and his weapon.,"fun, warm, lighthearted, entertaining, cute","fun supernatural anime, lighthearted action, charming characters",
Bleach,anime,"action, supernatural, shonen","soul reaper duty, stylish sword battles, found-family loyalty, spiritual pressure, comeback hype",Ichigo Kurosaki becomes a Soul Reaper and protects the living world from Hollows while uncovering conflicts across the spirit realms.,"hyped, loyal, bittersweet, battle-worn","high-energy supernatural action, long-running shonen, stylish rivalries","soul reaper duty, stylish sword battles, found-family loyalty, spiritual pressure, comeback hype hyped, loyal, bittersweet, battle-worn high-energy supernatural action, long-running shonen, stylish rivalries Ichigo Kurosaki becomes a Soul Reaper and protects the living world from Hollows while uncovering conflicts across the spirit realms."
Your Name,movie,"romance, fantasy, drama","body swap, longing, distance, fate, beautiful visuals, bittersweet romance, Makoto Shinkai",Two teenagers mysteriously swap bodies and fall in love across time and distance.,"beautifully devastated, tender longing, bittersweet, visually drunk","Makoto Shinkai films, beautiful romance anime, bittersweet fate","body swap, longing, distance, fate, beautiful visuals, bittersweet romance, Makoto Shinkai beautifully devastated, tender longing, bittersweet, visually drunk Makoto Shinkai films, beautiful romance anime, bittersweet fate Two teenagers mysteriously swap bodies and fall in love across time and distance."
Weathering With You,movie,"romance, fantasy, drama","sunshine girl, rainy Tokyo, sacrifice for love, Makoto Shinkai, beautiful visuals, emotional",A boy runs away to Tokyo and meets a girl who can stop the rain but at a great cost.,"emotional, bittersweet, visually stunning, warm sadness","Makoto Shinkai films, beautiful romance, sacrifice and love","sunshine girl, rainy Tokyo, sacrifice for love, Makoto Shinkai, beautiful visuals, emotional emotional, bittersweet, visually stunning, warm sadness Makoto Shinkai films, beautiful romance, sacrifice and love A boy runs away to Tokyo and meets a girl who can stop the rain but at a great cost."
A Silent Voice,movie,"drama, romance, redemption","bullying, guilt, redemption, deaf protagonist, forgiveness, emotional depth, beautiful animation",A boy who bullied a deaf girl in childhood tries to make amends years later.,"deeply moved, guilt ridden, hopeful, emotionally exhausted","redemption story, emotional anime film, beautiful animation","bullying, guilt, redemption, deaf protagonist, forgiveness, emotional depth, beautiful animation deeply moved, guilt ridden, hopeful, emotionally exhausted redemption story, emotional anime film, beautiful animation A boy who bullied a deaf girl in childhood tries to make amends years later."
Steins Gate,anime,"sci-fi, thriller, romance","time travel consequences, lab members, microwave phone, butterfly effect, slow burn payoff, intense",A self-proclaimed mad scientist accidentally invents time travel and faces devastating consequences.,"mind blown, emotionally wrecked, satisfied, intense aftertaste","time travel thriller, slow burn sci-fi, emotional payoff","time travel consequences, lab members, microwave phone, butterfly effect, slow burn payoff, intense mind blown, emotionally wrecked, satisfied, intense aftertaste time travel thriller, slow burn sci-fi, emotional payoff A self-proclaimed mad scientist accidentally invents time travel and faces devastating consequences."
Neon Genesis Evangelion,anime,"mecha, psychological, sci-fi","existential dread, depression, giant robots, what does it mean to exist, mother issues, surreal ending",Teenagers pilot giant mechs to fight angels while struggling with trauma and existential collapse.,"existentially shaken, confused, emotionally raw, need to process","philosophical anime, psychological mecha, existential horror","existential dread, depression, giant robots, what does it mean to exist, mother issues, surreal ending existentially shaken, confused, emotionally raw, need to process philosophical anime, psychological mecha, existential horror Teenagers pilot giant mechs to fight angels while struggling with trauma and existential collapse."
Nana,anime,"romance, drama, music","two girls named Nana, punk band, heartbreak, found family, adult life, realistic love",Two girls named Nana meet on a train and their lives intertwine through love music and loss.,"bittersweet, emotionally raw, miss the characters, realistic heartbreak","josei romance, realistic adult drama, music and heartbreak","two girls named Nana, punk band, heartbreak, found family, adult life, realistic love bittersweet, emotionally raw, miss the characters, realistic heartbreak josei romance, realistic adult drama, music and heartbreak Two girls named Nana meet on a train and their lives intertwine through love music and loss."
The Promised Neverland,anime,"thriller, horror, mystery","orphanage escape, dark secret, children vs system, survival planning, shocking reveal",Children at an idyllic orphanage discover a horrifying truth and plan their escape.,"shocked, tense, desperate to know more, gripped","survival thriller anime, dark reveal, children outsmarting adults","orphanage escape, dark secret, children vs system, survival planning, shocking reveal shocked, tense, desperate to know more, gripped survival thriller anime, dark reveal, children outsmarting adults Children at an idyllic orphanage discover a horrifying truth and plan their escape."
91 Days,anime,"revenge, historical, thriller","mafia, prohibition era, revenge plan, cold protagonist, slow burn, betrayal, 1920s America",A man infiltrates the mafia to avenge his family's murder in prohibition-era America.,"cold satisfaction, melancholic, morally grey aftertaste, heavy","mafia revenge thriller, prohibition era, cold protagonist","mafia, prohibition era, revenge plan, cold protagonist, slow burn, betrayal, 1920s America cold satisfaction, melancholic, morally grey aftertaste, heavy mafia revenge thriller, prohibition era, cold protagonist A man infiltrates the mafia to avenge his family's murder in prohibition-era America."
Yona of the Dawn,anime,"adventure, romance, fantasy","princess becomes warrior, found family, political intrigue, female growth, historical fantasy",A sheltered princess is forced to flee after witnessing her father's murder and builds her strength.,"empowered, emotionally invested, want more, satisfied","adventure fantasy, strong female growth, found family","princess becomes warrior, found family, political intrigue, female growth, historical fantasy empowered, emotionally invested, want more, satisfied adventure fantasy, strong female growth, found family A sheltered princess is forced to flee after witnessing her father's murder and builds her strength."
Six of Crows,book,"fantasy, heist, adventure","heist crew, morally grey characters, found family, dark fantasy city, witty banter, complex plot",A crew of outcasts attempt an impossible heist in a dangerous fantasy city.,"exhilarated, attached to characters, want the sequel immediately","heist fantasy, morally grey ensemble, found family","heist crew, morally grey characters, found family, dark fantasy city, witty banter, complex plot exhilarated, attached to characters, want the sequel immediately heist fantasy, morally grey ensemble, found family A crew of outcasts attempt an impossible heist in a dangerous fantasy city."
Lovely Complex,anime,"romance, comedy, slice of life","height difference romance, slow burn confession, hilarious misunderstandings, Osaka couple, feel-good",A tall girl and short boy bicker constantly until they realize they have feelings for each other.,"warm, giggling, soft happy feeling, feel-good aftertaste","romantic comedy anime, slow burn confession, height difference","height difference romance, slow burn confession, hilarious misunderstandings, Osaka couple, feel-good warm, giggling, soft happy feeling, feel-good aftertaste romantic comedy anime, slow burn confession, height difference A tall girl and short boy bicker constantly until they realize they have feelings for each other."
Vanitas Case Study,anime,"fantasy, romance, supernatural","vampire lore, steampunk Paris, BL undertones, witty duo, beautiful aesthetics, adventure",A vampire hunter and a flamboyant doctor travel steampunk Paris curing vampires of their curses.,"charmed, aesthetically satisfied, BL yearning, light and fun","steampunk fantasy, BL undertones, beautiful aesthetics","vampire lore, steampunk Paris, BL undertones, witty duo, beautiful aesthetics, adventure charmed, aesthetically satisfied, BL yearning, light and fun steampunk fantasy, BL undertones, beautiful aesthetics A vampire hunter and a flamboyant doctor travel steampunk Paris curing vampires of their curses."
Dexter,web series,"crime, thriller, drama","serial killer protagonist, blood spatter analyst, dark humor, moral ambiguity, cat and mouse",A forensic blood analyst secretly moonlights as a vigilante serial killer targeting other killers.,"morally conflicted, thrilled, dark humor aftertaste, addicted","morally grey protagonist, dark crime drama, cat and mouse","serial killer protagonist, blood spatter analyst, dark humor, moral ambiguity, cat and mouse morally conflicted, thrilled, dark humor aftertaste, addicted morally grey protagonist, dark crime drama, cat and mouse A forensic blood analyst secretly moonlights as a vigilante serial killer targeting other killers."
Breaking Bad,web series,"crime, drama, thriller","chemistry teacher to drug lord, moral descent, consequences, slow burn masterpiece, intense",A chemistry teacher diagnosed with cancer turns to cooking meth to secure his family's future.,"emotionally wrecked, morally disturbed, satisfied, one of the best","moral descent drama, slow burn masterpiece, crime thriller","chemistry teacher to drug lord, moral descent, consequences, slow burn masterpiece, intense emotionally wrecked, morally disturbed, satisfied, one of the best moral descent drama, slow burn masterpiece, crime thriller A chemistry teacher diagnosed with cancer turns to cooking meth to secure his family's future."
Stranger Things,web series,"sci-fi, horror, adventure","80s nostalgia, upside down, kids vs monsters, found family, supernatural small town mystery",Kids in a small town uncover government experiments and a terrifying parallel dimension.,"nostalgic, adventurous, warm despite scares, fun aftertaste","80s nostalgia horror, kids adventure, supernatural mystery","80s nostalgia, upside down, kids vs monsters, found family, supernatural small town mystery nostalgic, adventurous, warm despite scares, fun aftertaste 80s nostalgia horror, kids adventure, supernatural mystery Kids in a small town uncover government experiments and a terrifying parallel dimension."
Vinland Saga,anime,"historical, action, drama","viking revenge, war brutality, found purpose, what is a true warrior, slow burn growth",A young viking seeks revenge for his father's death and discovers the true cost of violence.,"heavy, reflective, emotionally moved, changed perspective","historical epic, revenge to redemption, viking drama","viking revenge, war brutality, found purpose, what is a true warrior, slow burn growth heavy, reflective, emotionally moved, changed perspective historical epic, revenge to redemption, viking drama A young viking seeks revenge for his father's death and discovers the true cost of violence."
Mob Psycho 100,anime,"action, comedy, supernatural","overpowered but humble, emotional growth, found family, psychic powers, heartwarming",A powerfully psychic middle schooler tries to live a normal life while suppressing his emotions.,"uplifted, heartwarmed, surprisingly emotional, great aftertaste","psychic action comedy, emotional growth, heartwarming","overpowered but humble, emotional growth, found family, psychic powers, heartwarming uplifted, heartwarmed, surprisingly emotional, great aftertaste psychic action comedy, emotional growth, heartwarming A powerfully psychic middle schooler tries to live a normal life while suppressing his emotions."
Hunter x Hunter,anime,"action, adventure, shonen","friendship tested, dark power system, nen, morally complex arcs, emotional highs and lows",A boy searches for his absent father who is a legendary hunter while discovering a dark world.,"emotionally complex, deeply invested, want more, bittersweet","dark shonen, complex power system, emotional adventure","friendship tested, dark power system, nen, morally complex arcs, emotional highs and lows emotionally complex, deeply invested, want more, bittersweet dark shonen, complex power system, emotional adventure A boy searches for his absent father who is a legendary hunter while discovering a dark world."
Spy x Family,anime,"comedy, action, slice of life","fake family becomes real family, adorable child, spy mission, wholesome comedy, found family",A spy must build a fake family to complete a mission but they all have secrets of their own.,"warm, fuzzy, happy, wholesome aftertaste","wholesome family comedy, spy action, feel-good anime","fake family becomes real family, adorable child, spy mission, wholesome comedy, found family warm, fuzzy, happy, wholesome aftertaste wholesome family comedy, spy action, feel-good anime A spy must build a fake family to complete a mission but they all have secrets of their own."
Violet Evergarden,anime,"drama, emotional, fantasy","war aftermath, auto memory doll, learning emotions, letters, what is love, beautiful animation",A former child soldier learns to understand human emotions by writing letters for others.,"deeply moved, beautifully sad, reflective, emotionally cleansed","emotional fantasy drama, beautiful animation, letters and love","war aftermath, auto memory doll, learning emotions, letters, what is love, beautiful animation deeply moved, beautifully sad, reflective, emotionally cleansed emotional fantasy drama, beautiful animation, letters and love A former child soldier learns to understand human emotions by writing letters for others."
Made in Abyss,anime,"adventure, dark fantasy, horror","cute art dark content, abyss descent, curse of the abyss, horrifying world, child protagonists",Children descend into a mysterious abyss that gets more dangerous and horrifying the deeper they go.,"disturbed, adventurous, emotionally wrecked, beautiful horror","dark fantasy adventure, cute art dark content, horrifying world","cute art dark content, abyss descent, curse of the abyss, horrifying world, child protagonists disturbed, adventurous, emotionally wrecked, beautiful horror dark fantasy adventure, cute art dark content, horrifying world Children descend into a mysterious abyss that gets more dangerous and horrifying the deeper they go."
The Witch and the Beast,anime,"dark fantasy, action, supernatural","revenge driven witch, grimoire, demon partner, gothic aesthetic, stylish dark fantasy",A witch and her demon companion travel the world seeking revenge against a paladin.,"darkly satisfied, gothic aftertaste, want more","dark gothic fantasy, revenge driven, stylish action","revenge driven witch, grimoire, demon partner, gothic aesthetic, stylish dark fantasy darkly satisfied, gothic aftertaste, want more dark gothic fantasy, revenge driven, stylish action A witch and her demon companion travel the world seeking revenge against a paladin."
Banana Fish,anime,"crime, drama, queer","street gang, corrupt power, queer love, ash lynx, dark America, trauma, BL tragedy",A street gang leader uncovers a dark conspiracy involving a mysterious drug called Banana Fish.,"devastated, emotionally raw, queer heartbreak, heavy aftertaste","queer tragedy, crime drama, dark American setting","street gang, corrupt power, queer love, ash lynx, dark America, trauma, BL tragedy devastated, emotionally raw, queer heartbreak, heavy aftertaste queer tragedy, crime drama, dark American setting A street gang leader uncovers a dark conspiracy involving a mysterious drug called Banana Fish."
Carole and Tuesday,anime,"music, drama, sci-fi","found family through music, Mars setting, idol industry, heartwarming, female friendship",Two girls with different backgrounds bond over music and chase their dreams on Mars.,"warm, uplifted, emotionally touched, music aftertaste","music drama anime, female friendship, heartwarming","found family through music, Mars setting, idol industry, heartwarming, female friendship warm, uplifted, emotionally touched, music aftertaste music drama anime, female friendship, heartwarming Two girls with different backgrounds bond over music and chase their dreams on Mars."
Given,anime,"music, romance, queer","band romance, BL, guitar, processing grief through music, slow burn, queer first love",A boy joins a band and falls for a guitarist who uses music to cope with loss.,"tenderly moved, BL warmth, music aftertaste, quietly happy","BL romance, music anime, slow burn queer love","band romance, BL, guitar, processing grief through music, slow burn, queer first love tenderly moved, BL warmth, music aftertaste, quietly happy BL romance, music anime, slow burn queer love A boy joins a band and falls for a guitarist who uses music to cope with loss."
Blue Period,anime,"drama, slice of life, art","discovering art, entrance exam pressure, expressing yourself, finding identity through painting",A high achieving student discovers painting and realizes art is the only way he can express himself.,"inspired, emotional, want to create something, reflective","art and self discovery, slice of life drama, finding passion","discovering art, entrance exam pressure, expressing yourself, finding identity through painting inspired, emotional, want to create something, reflective art and self discovery, slice of life drama, finding passion A high achieving student discovers painting and realizes art is the only way he can express himself."
Dungeon Meshi,anime,"fantasy, comedy, adventure","cooking monsters, found family, dungeon adventure, wholesome, unique premise, fun",Adventurers cook and eat the monsters they defeat in a dungeon to survive.,"delighted, charmed, warm, uniquely satisfied","wholesome fantasy comedy, unique premise, dungeon adventure","cooking monsters, found family, dungeon adventure, wholesome, unique premise, fun delighted, charmed, warm, uniquely satisfied wholesome fantasy comedy, unique premise, dungeon adventure Adventurers cook and eat the monsters they defeat in a dungeon to survive."
Ping Pong the Animation,anime,"sports, drama, psychological","identity through sport, winning vs losing, what is the point, rivals to friends, unique art style",Five table tennis players confront their identities through competitive ping pong.,"reflective, surprisingly emotional, philosophical sports aftertaste","psychological sports anime, unique art style, identity and sport","identity through sport, winning vs losing, what is the point, rivals to friends, unique art style reflective, surprisingly emotional, philosophical sports aftertaste psychological sports anime, unique art style, identity and sport Five table tennis players confront their identities through competitive ping pong."
Toradora,anime,"romance, comedy, drama","tsundere romance, slow burn, found family, bittersweet confession, high school love",A fierce girl and an intimidating boy team up to help each other with their crushes but fall for each other instead.,"warm bittersweet, emotional confession, soft happy feeling","slow burn romance anime, tsundere, found family","tsundere romance, slow burn, found family, bittersweet confession, high school love warm bittersweet, emotional confession, soft happy feeling slow burn romance anime, tsundere, found family A fierce girl and an intimidating boy team up to help each other with their crushes but fall for each other instead."
Ao Haru Ride,anime,"romance, drama, slice of life","first love reunion, changed people, rain scene, shoujo, slow burn, soft emotional",A girl reunites with her first love in high school only to find he has completely changed.,"soft emotional, nostalgic for first love, bittersweet warmth","shoujo romance, first love reunion, slow burn","first love reunion, changed people, rain scene, shoujo, slow burn, soft emotional soft emotional, nostalgic for first love, bittersweet warmth shoujo romance, first love reunion, slow burn A girl reunites with her first love in high school only to find he has completely changed."
I Want to Eat Your Pancreas,movie,"romance, drama, tragedy","secret illness, unexpected friendship, living fully, bittersweet ending, emotional gut punch",A boy discovers his classmate is secretly dying and they form an unexpected bond.,"absolutely wrecked, beautiful sadness, needed a hug, devastating","tragic romance anime film, secret illness, beautiful and sad","secret illness, unexpected friendship, living fully, bittersweet ending, emotional gut punch absolutely wrecked, beautiful sadness, needed a hug, devastating tragic romance anime film, secret illness, beautiful and sad A boy discovers his classmate is secretly dying and they form an unexpected bond."
Oregairu,anime,"romance, drama, slice of life","social outcasts, what is genuine connection, cynical protagonist, slow burn, realistic high school",A cynical loner joins the service club and confronts what it means to truly connect with others.,"reflective, emotionally complex, want to rewatch, realistic aftertaste","realistic romance drama, cynical protagonist, slow burn connection","social outcasts, what is genuine connection, cynical protagonist, slow burn, realistic high school reflective, emotionally complex, want to rewatch, realistic aftertaste realistic romance drama, cynical protagonist, slow burn connection A cynical loner joins the service club and confronts what it means to truly connect with others."
Kakushigoto,anime,"comedy, drama, slice of life","mangaka dad, hiding job from daughter, wholesome parenting, bittersweet twist, warm humor",A mangaka hides his embarrassing job from his daughter while being the most dedicated father.,"warm tears, bittersweet, funny and sad, parent love aftertaste","wholesome comedy drama, father daughter bond, bittersweet","mangaka dad, hiding job from daughter, wholesome parenting, bittersweet twist, warm humor warm tears, bitterswift, funny and sad, parent love aftertaste wholesome comedy drama, father daughter bond, bittersweet A mangaka hides his embarrassing job from his daughter while being the most dedicated father."
Fruits Basket,anime,"romance, drama, supernatural","zodiacs, found family, trauma healing, abuse recovery, slow burn love, deeply emotional",A girl discovers her classmates transform into zodiac animals and uncovers their painful pasts.,"deeply healed and hurt, emotional journey, want to protect everyone","trauma healing romance, found family, zodiac supernatural","zodiacs, found family, trauma healing, abuse recovery, slow burn love, deeply emotional deeply healed and hurt, emotional journey, want to protect everyone trauma healing romance, found family, zodiac supernatural A girl discovers her classmates transform into zodiac animals and uncovers their painful pasts."
Clannad After Story,anime,"drama, romance, supernatural","married life, loss, grief, what matters in life, most emotionally devastating anime, family",The continuation of Clannad following Tomoya through love loss grief and what it means to live.,"absolutely destroyed, cried the most, life changing, heavy","emotional devastation anime, family drama, grief and love","married life, loss, grief, what matters in life, most emotionally devastating anime, family absolutely destroyed, cried the most, life changing, heavy emotional devastation anime, family drama, grief and love The continuation of Clannad following Tomoya through love loss grief and what it means to live."
Anohana,anime,"drama, supernatural, friendship","childhood friends, ghost, unresolved grief, summer nostalgia, group guilt, emotional ending",A boy can see the ghost of his childhood friend who died and must help her fulfill her wish.,"cried a lot, nostalgic grief, emotionally cleansed, beautiful sadness","childhood grief anime, ghost friendship, emotional ending","childhood friends, ghost, unresolved grief, summer nostalgia, group guilt, emotional ending cried a lot, nostalgic grief, emotionally cleansed, beautiful sadness childhood grief anime, ghost friendship, emotional ending A boy can see the ghost of his childhood friend who died and must help her fulfill her wish."
Mushishi,anime,"supernatural, slice of life, mystery","slow and peaceful, mushi, episodic wonder, nature spirits, calming, philosophical",A traveler called Ginko wanders feudal Japan helping people afflicted by mysterious life forms called mushi.,"peaceful, contemplative, slow happiness, nature aftertaste","episodic supernatural, calming and peaceful, nature philosophy","slow and peaceful, mushi, episodic wonder, nature spirits, calming, philosophical peaceful, contemplative, slow happiness, nature aftertaste episodic supernatural, calming and peaceful, nature philosophy A traveler called Ginko wanders feudal Japan helping people afflicted by mysterious life forms called mushi."
Erased,anime,"mystery, thriller, supernatural","time travel to childhood, save classmate, serial killer, emotional investment, gripping mystery",A man with the ability to travel back in time uses it to prevent the murder of his childhood friend.,"gripped, emotionally invested, satisfied by ending, tense aftertaste","time travel mystery, serial killer thriller, emotional investment","time travel to childhood, save classmate, serial killer, emotional investment, gripping mystery gripped, emotionally invested, satisfied by ending, tense aftertaste time travel mystery, serial killer thriller, emotional investment A man with the ability to travel back in time uses it to prevent the murder of his childhood friend."
The Apothecary Diaries Season 2,anime,"historical, mystery, light","imperial court politics, Maomao wit, deeper mysteries, stronger female lead, satisfying continuation",Maomao continues solving medical mysteries in the imperial court while uncovering deeper political conspiracies.,"satisfied, intellectually stimulated, warm, want more","chinese historical mystery, strong female lead, season continuation","imperial court politics, Maomao wit, deeper mysteries, stronger female lead, satisfying continuation satisfied, intellectually stimulated, warm, want more chinese historical mystery, strong female lead, season continuation Maomao continues solving medical mysteries in the imperial court while uncovering deeper political conspiracies."
Cyberpunk Edgerunners,anime,"action, sci-fi, tragedy","cyberpunk city, going too far, love story in a broken world, emotional gut punch, short but devastating",A street kid becomes a mercenary in a dystopian city and falls in love before losing everything.,"devastated, emotionally wrecked, visually stunned, hollow aftertaste","cyberpunk tragedy, short emotional anime, love in a dark world","cyberpunk city, going too far, love story in a broken world, emotional gut punch, short but devastating devastated, emotionally wrecked, visually stunned, hollow aftertaste cyberpunk tragedy, short emotional anime, love in a dark world A street kid becomes a mercenary in a dystopian city and falls in love before losing everything."
Oshi no Ko,anime,"drama, mystery, dark","idol industry dark side, revenge, reincarnation, what is real love, mother's murder, shocking start",A doctor is reincarnated as the child of his favorite idol and grows up to uncover her murder.,"shocked, darkly invested, industry disillusionment, gripped","idol industry dark side, revenge mystery, shocking premise","idol industry dark side, revenge, reincarnation, what is real love, mother's murder, shocking start shocked, darkly invested, industry disillusionment, gripped idol industry dark side, revenge mystery, shocking premise A doctor is reincarnated as the child of his favorite idol and grows up to uncover her murder."
Link Click,anime,"mystery, thriller, romance","time travel photos, solving crimes, bromance, emotional twists, chinese anime, slow burn mystery",Two friends use a supernatural ability to enter photographs and solve cases but face dangerous consequences.,"emotionally hooked, tense, bromance aftertaste, want season 3","Chinese anime, bromance thriller, time travel mystery","time travel photos, solving crimes, bromance, emotional twists, chinese anime, slow burn mystery emotionally hooked, tense, bromance aftertaste, want season 3 Chinese anime, bromance thriller, time travel mystery Two friends use a supernatural ability to enter photographs and solve cases but face dangerous consequences."
The Devil is a Part-Timer,anime,"comedy, fantasy, slice of life","demon lord works at mcdonalds, fish out of water comedy, reverse isekai, wholesome humor",The Devil Lord is transported to modern Tokyo and must work part-time to survive.,"happy, giggling, lighthearted, fun aftertaste","reverse isekai comedy, fish out of water, wholesome humor","demon lord works at mcdonalds, fish out of water comedy, reverse isekai, wholesome humor happy, giggling, lighthearted, fun aftertaste reverse isekai comedy, fish out of water, wholesome humor The Devil Lord is transported to modern Tokyo and must work part-time to survive."
Chainsaw Man,anime,"action, dark, supernatural","chainsaws, contracts with devils, found family then loss, unhinged protagonist, shocking deaths",A boy merges with a chainsaw devil and joins a government agency hunting other devils.,"chaotically entertained, shocked by deaths, unhinged energy, dark fun","dark action anime, shocking deaths, devil hunting","chainsaws, contracts with devils, found family then loss, unhinged protagonist, shocking deaths chaotically entertained, shocked by deaths, unhinged energy, dark fun dark action anime, shocking deaths, devil hunting A boy merges with a chainsaw devil and joins a government agency hunting other devils."
Re Zero,anime,"fantasy, psychological, thriller","return by death, emotional torture, slow burn growth, what is worth living for, dark isekai",A boy is transported to a fantasy world and discovers he revives every time he dies.,"emotionally wrecked, tense, invested in characters, dark isekai aftertaste","dark isekai, return by death, psychological thriller","return by death, emotional torture, slow burn growth, what is worth living for, dark isekai emotionally wrecked, tense, invested in characters, dark isekai aftertaste dark isekai, return by death, psychological thriller A boy is transported to a fantasy world and discovers he revives every time he dies."
Berserk,anime,"dark fantasy, action, horror","dark medieval world, trauma, betrayal, eclipse, cursed warrior, most brutal manga, Griffith",A wandering swordsman joins a mercenary band and faces the most devastating betrayal in anime history.,"traumatized, emotionally raw, dark fascination, one of the heaviest","dark fantasy, brutal betrayal, medieval horror, cursed warrior","dark medieval world, trauma, betrayal, eclipse, cursed warrior, most brutal manga, Griffith traumatized, emotionally raw, dark fascination, one of the heaviest dark fantasy, brutal betrayal, medieval horror, cursed warrior A wandering swordsman joins a mercenary band and faces the most devastating betrayal in anime history."
The Way of the Househusband,anime,"comedy, slice of life","yakuza does housework, absurd comedy, wholesome, funny premise, no plot just vibes",A legendary yakuza retires to become a devoted househusband with hilarious results.,"happily giggling, lighthearted, no stress, fun aftertaste","absurd comedy anime, no plot just vibes, wholesome yakuza","yakuza does housework, absurd comedy, wholesome, funny premise, no plot just vibes happily giggling, lighthearted, no stress, fun aftertaste absurd comedy anime, no plot just vibes, wholesome yakuza A legendary yakuza retires to become a devoted househusband with hilarious results."
Midnight Mass,web series,"horror, drama, religious","religious horror, small island town, vampirism as religion, slow burn dread, morally complex",A mysterious priest arrives on an isolated island and brings miracles that hide a dark truth.,"unsettled, philosophically shaken, slow burn dread, heavy","religious horror, slow burn dread, moral complexity","religious horror, small island town, vampirism as religion, slow burn dread, morally complex unsettled, philosophically shaken, slow burn dread, heavy religious horror, slow burn dread, moral complexity A mysterious priest arrives on an isolated island and brings miracles that hide a dark truth."
The Haunting of Hill House,web series,"horror, drama, family","family trauma as horror, past haunting present, grief as ghost, slow burn, emotionally devastating",A family is haunted by their experiences in a terrifying house both as children and adults.,"emotionally wrecked, scared but moved, grief aftertaste, haunted","family trauma horror, slow burn, grief and ghosts","family trauma as horror, past haunting present, grief as ghost, slow burn, emotionally devastating emotionally wrecked, scared but moved, grief aftertaste, haunted family trauma horror, slow burn, grief and ghosts A family is haunted by their experiences in a terrifying house both as children and adults."
Black Mirror,web series,"sci-fi, anthology, thriller","technology gone wrong, near future dystopia, each episode different, thought provoking, unsettling",An anthology series exploring the dark side of technology and human nature in the near future.,"unsettled, thoughtful, technology anxiety, each episode different aftertaste","sci-fi anthology, technology horror, thought provoking","technology gone wrong, near future dystopia, each episode different, thought provoking, unsettling unsettled, thoughtful, technology anxiety, each episode different aftertaste sci-fi anthology, technology horror, thought provoking An anthology series exploring the dark side of technology and human nature in the near future."
Fleabag,web series,"comedy, drama","breaking fourth wall, grief hidden in humor, sharp writing, feminist, messy female protagonist",A witty and troubled woman navigates grief love and family while speaking directly to the audience.,"deeply moved by comedy, felt seen, bittersweet warmth, sharp aftertaste","sharp feminist comedy drama, fourth wall breaking, grief in humor","breaking fourth wall, grief hidden in humor, sharp writing, feminist, messy female protagonist deeply moved by comedy, felt seen, bittersweet warmth, sharp aftertaste sharp feminist comedy drama, fourth wall breaking, grief in humor A witty and troubled woman navigates grief love and family while speaking directly to the audience."
Normal People,web series,"romance, drama","first love intensity, class difference, on and off romance, raw intimacy, realistic relationship",Two teenagers from different social backgrounds have an intense and complicated love affair over years.,"emotionally raw, first love nostalgia, longing, realistic heartbreak","realistic romance drama, on and off relationship, intense intimacy","first love intensity, class difference, on and off romance, raw intimacy, realistic relationship emotionally raw, first love nostalgia, longing, realistic heartbreak realistic romance drama, on and off relationship, intense intimacy Two teenagers from different social backgrounds have an intense and complicated love affair over years."